-- phpMyAdmin SQL Dump
-- version 5.0.3
-- https://www.phpmyadmin.net/
--
-- Host: 127.0.0.1
-- Generation Time: Nov 30, 2022 at 04:14 AM
-- Server version: 10.4.14-MariaDB
-- PHP Version: 7.2.34

SET SQL_MODE = "NO_AUTO_VALUE_ON_ZERO";
START TRANSACTION;
SET time_zone = "+00:00";


/*!40101 SET @OLD_CHARACTER_SET_CLIENT=@@CHARACTER_SET_CLIENT */;
/*!40101 SET @OLD_CHARACTER_SET_RESULTS=@@CHARACTER_SET_RESULTS */;
/*!40101 SET @OLD_COLLATION_CONNECTION=@@COLLATION_CONNECTION */;
/*!40101 SET NAMES utf8mb4 */;

--
-- Database: `onpoint`
--

-- --------------------------------------------------------

--
-- Table structure for table `company`
--

CREATE TABLE `company` (
  `company_id` int(11) NOT NULL,
  `name` varchar(100) NOT NULL,
  `address` varchar(100) NOT NULL,
  `contact` varchar(100) NOT NULL
) ENGINE=InnoDB DEFAULT CHARSET=utf8mb4;

--
-- Dumping data for table `company`
--

INSERT INTO `company` (`company_id`, `name`, `address`, `contact`) VALUES
(1, 'MJ Ramone Music Store', 'P. Rodriguez St., Cebu City, PH 6000', '09236587963'),
(2, 'Jeremy Fruit Stunt', 'AS Fortuna St., Mandaue City, Cebu, PH 6014', '09476632549'),
(3, 'John PC Parts and Accesories Store', 'AC Cortes, Mandaue City, Cebu, PH 6014', '09265879932'),
(4, 'JCrew Footwear and Clothing', '2nd Floor SM City Cebu, Mabolo, Cebu City, PH 6000', '');

-- --------------------------------------------------------

--
-- Table structure for table `invoice`
--

CREATE TABLE `invoice` (
  `invoice_id` int(10) NOT NULL,
  `si_no` int(7) UNSIGNED ZEROFILL NOT NULL,
  `item_id` int(11) NOT NULL,
  `sold_price` float NOT NULL,
  `quantity` int(11) NOT NULL,
  `date` date NOT NULL,
  `company_id` int(10) NOT NULL
) ENGINE=InnoDB DEFAULT CHARSET=utf8mb4;

--
-- Dumping data for table `invoice`
--

INSERT INTO `invoice` (`invoice_id`, `si_no`, `item_id`, `sold_price`, `quantity`, `date`, `company_id`) VALUES
(68, 0000001, 58, 0, 1, '2021-05-23', 0),
(75, 0000002, 58, 0, 1, '2021-05-23', 0),
(81, 0000003, 58, 0, 25, '2021-05-24', 0),
(82, 0000004, 66, 0, 1, '2021-05-24', 0),
(83, 0000004, 69, 0, 1, '2021-05-24', 0),
(84, 0000004, 68, 0, 1, '2021-05-24', 0),
(85, 0000004, 67, 0, 1, '2021-05-24', 0),
(86, 0000004, 60, 0, 5, '2021-05-24', 0),
(87, 0000005, 60, 0, 50, '2021-05-24', 0),
(88, 0000005, 70, 0, 50, '2021-05-24', 0),
(89, 0000006, 66, 0, 1, '2021-05-24', 0),
(90, 0000007, 59, 0, 1, '2021-05-24', 0),
(91, 0000008, 66, 0, 6, '2021-05-25', 0),
(92, 0000009, 67, 0, 1, '2021-05-25', 0),
(93, 0000010, 61, 0, 1, '2021-05-27', 0),
(94, 0000010, 60, 0, 5, '2021-05-27', 0),
(95, 0000011, 66, 0, 1, '2021-05-27', 0),
(96, 0000012, 66, 0, 1, '2021-05-27', 0),
(97, 0000013, 66, 0, 1, '2021-05-27', 0),
(98, 0000014, 66, 0, 1, '2021-05-27', 0),
(99, 0000015, 66, 0, 2, '2021-05-27', 0),
(100, 0000015, 61, 0, 1, '2021-05-27', 0),
(101, 0000016, 80, 0, 3, '2021-05-27', 2),
(102, 0000016, 79, 0, 50, '2021-05-27', 2),
(103, 0000016, 84, 0, 5, '2021-05-27', 2),
(104, 0000016, 81, 0, 1, '2021-05-27', 2),
(108, 0000001, 71, 0, 1, '2021-05-27', 1),
(109, 0000002, 71, 0, 0, '2021-05-27', 1),
(110, 0000017, 79, 0, 10, '2021-05-27', 2),
(111, 0000017, 81, 0, 10, '2021-05-27', 2),
(112, 0000018, 84, 0, 10, '2021-05-27', 2),
(113, 0000003, 66, 0, 1, '2021-05-27', 1),
(115, 0000004, 71, 0, 1, '2021-05-28', 1),
(116, 0000005, 61, 0, 0, '2021-05-28', 1),
(117, 0000006, 58, 0, 2, '2021-05-28', 1),
(118, 0000007, 70, 0, 2, '2021-05-28', 1),
(119, 0000007, 60, 0, 10, '2021-05-28', 1),
(120, 0000008, 66, 0, 1, '2021-05-28', 1),
(121, 0000009, 74, 0, 1, '2021-05-28', 1),
(122, 0000010, 66, 0, 1, '2021-05-28', 1),
(123, 0000011, 60, 0, 20, '2021-05-28', 1),
(124, 0000012, 70, 0, 2, '2021-05-28', 1),
(125, 0000013, 60, 0, 5, '2021-05-28', 1),
(126, 0000014, 60, 0, 5, '2021-05-28', 1),
(127, 0000015, 60, 0, 5, '2021-05-28', 1),
(128, 0000016, 60, 0, 5, '2021-05-28', 1),
(129, 0000017, 60, 0, 5, '2021-05-28', 1),
(130, 0000018, 60, 0, 5, '2021-05-28', 1),
(131, 0000019, 60, 0, 5, '2021-05-28', 1),
(132, 0000020, 60, 0, 3, '2021-05-28', 1),
(133, 0000021, 60, 0, 5, '2021-05-28', 1),
(134, 0000022, 60, 0, 5, '2021-05-28', 1),
(135, 0000023, 60, 0, 0, '2021-05-28', 1),
(136, 0000024, 8, 0, 2, '2021-05-28', 1),
(137, 0000025, 60, 0, 5, '2021-05-28', 1),
(138, 0000026, 60, 0, 5, '2021-05-28', 1),
(139, 0000019, 81, 0, 2, '2021-05-28', 2),
(140, 0000027, 8, 0, 10, '2021-05-28', 1),
(141, 0000028, 8, 0, 1, '2021-05-28', 1),
(142, 0000020, 79, 0, 40, '2021-05-28', 2),
(143, 0000020, 83, 0, 5, '2021-05-28', 2),
(144, 0000029, 66, 0, 1, '2021-05-28', 1),
(145, 0000029, 70, 0, 1, '2021-05-28', 1),
(146, 0000029, 71, 0, 1, '2021-05-28', 1),
(147, 0000030, 66, 0, 1, '2021-05-28', 1),
(148, 0000030, 60, 0, 1, '2021-05-28', 1),
(149, 0000030, 61, 0, 1, '2021-05-28', 1),
(150, 0000030, 71, 0, 1, '2021-05-28', 1),
(151, 0000030, 65, 0, 1, '2021-05-28', 1),
(152, 0000031, 58, 0, 1, '2021-05-28', 1),
(153, 0000031, 8, 0, 1, '2021-05-28', 1),
(154, 0000031, 65, 0, 1, '2021-05-28', 1),
(155, 0000031, 66, 0, 1, '2021-05-28', 1),
(156, 0000032, 70, 0, 1, '2021-05-28', 1),
(157, 0000032, 8, 0, 1, '2021-05-28', 1),
(158, 0000032, 65, 0, 1, '2021-05-28', 1),
(159, 0000033, 66, 0, 1, '2021-05-28', 1),
(160, 0000034, 66, 0, 1, '2021-05-28', 1),
(161, 0000035, 60, 0, 3, '2021-05-28', 1),
(162, 0000036, 70, 0, 2, '2021-05-28', 1),
(163, 0000037, 70, 0, 1, '2021-05-28', 1),
(164, 0000021, 79, 0, 10, '2021-05-28', 2),
(165, 0000021, 80, 0, 10, '2021-05-28', 2),
(166, 0000021, 84, 0, 5, '2021-05-28', 2),
(167, 0000021, 82, 0, 5, '2021-05-28', 2),
(168, 0000038, 70, 0, 1, '2021-05-28', 1),
(169, 0000038, 61, 0, 2, '2021-05-28', 1),
(170, 0000038, 76, 0, 1, '2021-05-28', 1),
(171, 0000039, 60, 0, 10, '2021-05-28', 1),
(172, 0000039, 65, 0, 3, '2021-05-28', 1),
(173, 0000040, 68, 0, 1, '2021-05-28', 1),
(174, 0000022, 79, 0, 3, '2021-05-28', 2),
(175, 0000022, 82, 0, 1, '2021-05-28', 2),
(176, 0000022, 80, 0, 2, '2021-05-28', 2),
(177, 0000022, 84, 0, 2, '2021-05-28', 2),
(178, 0000023, 79, 0, 7, '2021-05-28', 2),
(179, 0000024, 79, 0, 10, '2021-05-28', 2),
(180, 0000025, 79, 0, 10, '2021-05-28', 2),
(181, 0000025, 82, 0, 5, '2021-05-28', 2),
(182, 0000025, 83, 0, 5, '2021-05-28', 2),
(183, 0000026, 81, 0, 7, '2021-05-29', 2),
(184, 0000026, 84, 0, 13, '2021-05-29', 2),
(185, 0000041, 60, 0, 0, '2021-05-29', 1),
(186, 0000041, 67, 0, 0, '2021-05-29', 1),
(187, 0000041, 68, 0, 0, '2021-05-29', 1),
(188, 0000041, 8, 0, 0, '2021-05-29', 1),
(189, 0000041, 70, 0, 0, '2021-05-29', 1),
(190, 0000027, 79, 0, 10, '2021-05-29', 2),
(191, 0000027, 78, 0, 2, '2021-05-29', 2),
(192, 0000027, 82, 0, 1, '2021-05-29', 2),
(193, 0000028, 78, 0, 10, '2021-05-29', 2),
(194, 0000028, 79, 0, 12, '2021-05-29', 2),
(195, 0000029, 79, 0, 5, '2021-05-29', 2),
(196, 0000029, 78, 0, 8, '2021-05-29', 2),
(197, 0000030, 79, 0, 10, '2021-05-29', 2),
(198, 0000031, 79, 0, 1, '2021-05-29', 2),
(199, 0000042, 60, 0, 1, '2021-05-29', 1),
(200, 0000043, 60, 0, 1, '2021-05-29', 1),
(201, 0000044, 71, 0, 1, '2021-05-29', 1),
(202, 0000045, 8, 0, 2, '2021-05-29', 1),
(203, 0000032, 79, 0, 3, '2021-05-29', 2),
(204, 0000046, 71, 0, 1, '2021-05-29', 1),
(205, 0000046, 8, 0, 1, '2021-05-29', 1),
(206, 0000046, 65, 0, 1, '2021-05-29', 1),
(207, 0000046, 70, 0, 2, '2021-05-29', 1),
(208, 0000046, 60, 0, 0, '2021-05-29', 1),
(209, 0000046, 58, 0, 1, '2021-05-29', 1),
(210, 0000047, 65, 0, 1, '2021-05-29', 1),
(211, 0000048, 71, 0, 1, '2021-05-29', 1),
(212, 0000048, 60, 0, 3, '2021-05-29', 1),
(213, 0000048, 76, 0, 1, '2021-05-29', 1),
(214, 0000048, 73, 0, 1, '2021-05-29', 1),
(215, 0000048, 69, 0, 1, '2021-05-29', 1),
(216, 0000048, 74, 0, 1, '2021-05-29', 1),
(217, 0000049, 8, 0, 1, '2021-05-29', 1),
(218, 0000050, 58, 0, 0, '2021-05-29', 1),
(219, 0000051, 65, 0, 1, '2021-05-29', 1),
(220, 0000051, 70, 0, 1, '2021-05-29', 1),
(221, 0000052, 71, 0, 0, '2021-05-29', 1),
(222, 0000052, 85, 0, 0, '2021-05-29', 1),
(223, 0000052, 70, 0, 0, '2021-05-29', 1),
(224, 0000052, 61, 0, 0, '2021-05-29', 1),
(225, 0000052, 58, 0, 0, '2021-05-29', 1),
(226, 0000052, 60, 0, 0, '2021-05-29', 1),
(227, 0000052, 8, 0, 0, '2021-05-29', 1),
(228, 0000052, 76, 0, 0, '2021-05-29', 1),
(229, 0000052, 59, 0, 0, '2021-05-29', 1),
(230, 0000052, 65, 0, 0, '2021-05-29', 1),
(231, 0000052, 69, 0, 0, '2021-05-29', 1),
(232, 0000052, 72, 0, 0, '2021-05-29', 1),
(233, 0000052, 68, 0, 0, '2021-05-29', 1),
(234, 0000052, 74, 0, 0, '2021-05-29', 1),
(235, 0000033, 79, 0, 5, '2021-05-29', 2),
(236, 0000033, 78, 0, 5, '2021-05-29', 2),
(237, 0000033, 83, 0, 3, '2021-05-29', 2),
(238, 0000033, 80, 0, 5, '2021-05-29', 2),
(239, 0000053, 70, 0, 1, '2021-05-30', 1),
(240, 0000053, 60, 0, 6, '2021-05-30', 1),
(241, 0000053, 72, 0, 1, '2021-05-30', 1),
(242, 0000053, 68, 0, 1, '2021-05-30', 1),
(243, 0000054, 59, 0, 0, '2021-05-30', 1),
(244, 0000055, 85, 0, 0, '2021-05-30', 1),
(245, 0000055, 60, 0, 0, '2021-05-30', 1),
(246, 0000056, 60, 0, 0, '2021-05-30', 1),
(247, 0000034, 80, 0, 20, '2021-05-30', 2),
(248, 0000057, 70, 0, 3, '2021-05-31', 1),
(249, 0000057, 65, 0, 2, '2021-05-31', 1),
(250, 0000058, 70, 0, 0, '2021-05-31', 1),
(251, 0000059, 70, 0, 0, '2021-05-31', 1),
(252, 0000060, 60, 0, 2, '2021-05-31', 1),
(253, 0000061, 71, 0, 1, '2021-05-31', 1),
(254, 0000062, 85, 0, 0, '2021-05-31', 1),
(255, 0000063, 72, 0, 1, '2021-05-31', 1),
(256, 0000064, 70, 0, 1, '2021-05-31', 1),
(257, 0000065, 58, 0, 1, '2021-05-31', 1),
(258, 0000066, 58, 0, 1, '2021-05-31', 1),
(259, 0000067, 70, 0, 1, '2021-05-31', 1),
(260, 0000068, 58, 0, 1, '2021-05-31', 1),
(261, 0000069, 58, 0, 0, '2021-05-31', 1),
(262, 0000070, 58, 0, 1, '2021-05-31', 1),
(263, 0000071, 8, 0, 2, '2021-05-31', 1),
(264, 0000072, 58, 0, 1, '2021-05-31', 1),
(265, 0000073, 68, 0, 1, '2021-05-31', 1),
(266, 0000074, 58, 0, 1, '2021-05-31', 1),
(267, 0000075, 58, 0, 1, '2021-05-31', 1),
(268, 0000076, 58, 0, 1, '2021-05-31', 1),
(269, 0000077, 58, 0, 1, '2021-05-31', 1),
(270, 0000078, 58, 0, 2, '2021-05-31', 1),
(271, 0000079, 58, 0, 1, '2021-05-31', 1),
(272, 0000080, 70, 0, 0, '2021-05-31', 1),
(273, 0000080, 61, 0, 0, '2021-05-31', 1),
(274, 0000080, 65, 0, 0, '2021-05-31', 1),
(275, 0000081, 70, 0, 2, '2021-05-31', 1),
(276, 0000081, 58, 0, 1, '2021-05-31', 1),
(277, 0000082, 58, 0, 3, '2021-06-01', 1),
(278, 0000083, 66, 0, 0, '2021-06-01', 1),
(279, 0000084, 66, 0, 0, '2021-06-01', 1),
(280, 0000085, 66, 0, 0, '2021-06-01', 1),
(281, 0000086, 66, 0, 0, '2021-06-02', 1),
(282, 0000087, 65, 0, 3, '2021-06-02', 1),
(283, 0000087, 72, 0, 1, '2021-06-02', 1),
(284, 0000087, 8, 0, 1, '2021-06-02', 1),
(285, 0000088, 68, 0, 3, '2021-06-02', 1),
(286, 0000035, 79, 0, 4, '2021-06-02', 2),
(287, 0000089, 68, 0, 1, '2021-06-02', 1),
(288, 0000090, 68, 0, 1, '2021-06-02', 1),
(289, 0000036, 80, 0, 3, '2021-06-02', 2),
(290, 0000036, 78, 0, 5, '2021-06-02', 2),
(291, 0000036, 83, 0, 3, '2021-06-02', 2),
(292, 0000037, 83, 0, 10, '2021-06-02', 2),
(293, 0000091, 66, 0, 0, '2021-06-03', 1),
(294, 0000091, 71, 0, 0, '2021-06-03', 1),
(295, 0000091, 8, 0, 0, '2021-06-03', 1),
(296, 0000038, 80, 0, 7, '2021-06-04', 2),
(297, 0000092, 66, 0, 0, '2021-06-04', 1),
(298, 0000092, 73, 0, 1, '2021-06-04', 1),
(299, 0000093, 66, 0, 0, '2021-06-04', 1),
(300, 0000093, 70, 0, 1, '2021-06-04', 1),
(301, 0000094, 66, 0, 2, '2021-06-04', 1),
(302, 0000094, 73, 0, 1, '2021-06-04', 1),
(303, 0000095, 66, 0, 1, '2021-06-04', 1),
(304, 0000096, 58, 0, 2, '2021-06-04', 1),
(305, 0000097, 66, 0, 1, '2021-06-04', 1),
(306, 0000098, 66, 0, 2, '2021-06-04', 1),
(307, 0000099, 70, 0, 0, '2021-06-04', 1),
(308, 0000100, 60, 0, 0, '2021-06-04', 1),
(309, 0000100, 61, 0, 0, '2021-06-04', 1),
(310, 0000101, 59, 0, 0, '2021-06-06', 1),
(311, 0000101, 69, 0, 0, '2021-06-06', 1),
(312, 0000102, 67, 0, 0, '2021-06-06', 1),
(313, 0000103, 85, 0, 1, '2021-06-06', 1),
(314, 0000104, 74, 0, 1, '2021-06-06', 1),
(315, 0000105, 76, 0, 1, '2021-06-06', 1),
(316, 0000106, 68, 0, 1, '2021-06-06', 1),
(317, 0000107, 60, 0, 5, '2021-06-06', 1),
(318, 0000108, 67, 0, 1, '2021-06-06', 1),
(319, 0000109, 70, 0, 20, '2021-06-07', 1),
(320, 0000109, 8, 0, 1, '2021-06-07', 1),
(321, 0000110, 61, 0, 1, '2021-06-07', 1),
(322, 0000111, 72, 0, 1, '2021-06-07', 1),
(323, 0000039, 78, 0, 0, '2021-06-07', 2),
(324, 0000039, 83, 0, 4, '2021-06-07', 2),
(325, 0000039, 80, 0, 0, '2021-06-07', 2),
(326, 0000112, 68, 0, 1, '2021-06-07', 1),
(327, 0000113, 60, 0, 5, '2021-06-07', 1),
(328, 0000113, 71, 0, 1, '2021-06-07', 1),
(329, 0000114, 8, 0, 1, '2021-06-07', 1),
(330, 0000115, 58, 0, 4, '2021-06-07', 1),
(331, 0000116, 67, 0, 1, '2021-06-07', 1),
(332, 0000000, 0, 0, 0, '2021-06-07', 4),
(333, 0000001, 89, 0, 1, '2021-06-07', 4),
(334, 0000002, 87, 0, 1, '2021-06-08', 4),
(335, 0000003, 87, 0, 1, '2021-06-08', 4),
(336, 0000117, 60, 0, 6, '2021-06-08', 1),
(337, 0000118, 8, 0, 1, '2021-06-08', 1),
(338, 0000118, 65, 0, 3, '2021-06-08', 1),
(339, 0000119, 71, 0, 1, '2021-06-08', 1),
(340, 0000120, 61, 0, 1, '2021-06-08', 1),
(341, 0000121, 66, 0, 1, '2022-01-22', 1),
(342, 0000122, 85, 0, 1, '2022-01-22', 1),
(343, 0000122, 59, 0, 1, '2022-01-22', 1),
(344, 0000123, 66, 0, 2, '2022-01-22', 1),
(345, 0000000, 91, 4300, 1, '2022-01-24', 3),
(346, 0000124, 66, 5199, 1, '2022-01-24', 1),
(347, 0000124, 71, 890, 2, '2022-01-24', 1),
(348, 0000124, 70, 340, 1, '2022-01-24', 1),
(349, 0000001, 92, 5099, 1, '2022-01-24', 3),
(350, 0000002, 93, 7000, 1, '2022-11-10', 3);

-- --------------------------------------------------------

--
-- Table structure for table `items`
--

CREATE TABLE `items` (
  `item_id` int(11) NOT NULL,
  `item_name` varchar(100) NOT NULL,
  `unit` varchar(100) NOT NULL,
  `unit_price` float NOT NULL,
  `stock` int(11) NOT NULL,
  `company_id` int(11) NOT NULL
) ENGINE=InnoDB DEFAULT CHARSET=utf8mb4;

--
-- Dumping data for table `items`
--

INSERT INTO `items` (`item_id`, `item_name`, `unit`, `unit_price`, `stock`, `company_id`) VALUES
(8, 'Focusrite Solo 2i2', 'piece', 5900, 21, 1),
(58, 'Fender Strat Bullet Red', 'pcs', 5900, 3, 1),
(59, 'Marshall Amplifier 4x12 Cab', 'Box', 22000, 4, 1),
(60, 'Ernie Ball Guitar Pick', 'piece', 40, 294, 1),
(61, 'Fernando Acoustic Guitar', 'pcs', 5600, 7, 1),
(65, 'Marshall Guitar Cord 2m', 'pcs', 180, 199, 1),
(66, 'Boss Distortion M130', 'piece', 5199, 13, 1),
(67, 'Ibanez 7 String Guitar Black', 'pcs', 26000, 3, 1),
(68, 'Ubec Gigcase Electric Guitar Bag', 'pcs', 3200, 8, 1),
(69, 'Orange Amp 4x12 Cab', 'pcs', 36500, 3, 1),
(70, 'Elixr Acoustic Guitar String', 'pack', 350, 29, 1),
(71, 'Dimarzio Guitar Strap', 'piece', 890, 32, 1),
(72, 'Polytune Guitar Tuner', 'pcs', 2100, 10, 1),
(73, 'Yamaha Drumset Maple Black', 'set', 16000, 0, 1),
(74, 'Zoom Multi-Effect Pedal GT', 'piece', 12000, 7, 1),
(76, 'JCraft Presicion Bass Standard', 'pcs', 6500, 3, 1),
(78, 'Banana', 'Kilo', 120, 20, 2),
(79, 'Apple', 'pcs', 10, 75, 2),
(80, 'Orange', 'pcs', 12, 50, 2),
(81, 'Melon', 'pcs', 100, 0, 2),
(82, 'Pineapple', 'pcs', 95, 0, 2),
(83, 'Lemon', 'pcs', 30, 0, 2),
(84, 'Strawberry', 'pcs', 30, 0, 2),
(85, 'DnD Bass Guitar Crow', 'pcs', 8700, 0, 1),
(87, 'Jordan 1 White', 'pair', 3600, 1, 4),
(88, 'Jordan 1 Black', 'pair', 3600, 6, 4),
(89, 'Jordan 1 Red', 'pair', 3600, 2, 4),
(90, 'GTX Acoustic Guitar Nylon', 'piece', 6550, 1, 1),
(91, 'Samsung SSD 320gb', 'pcs', 4500, 14, 3),
(92, 'Asus B450 Motherboard ', 'pcs', 5149, 0, 3),
(93, 'Nvidia GTX 940 GPU', 'pcs', 7000, 4, 3);

-- --------------------------------------------------------

--
-- Table structure for table `users`
--

CREATE TABLE `users` (
  `user_id` int(11) NOT NULL,
  `username` varchar(100) NOT NULL,
  `password` varchar(100) NOT NULL,
  `company_id` int(11) NOT NULL
) ENGINE=InnoDB DEFAULT CHARSET=utf8mb4;

--
-- Dumping data for table `users`
--

INSERT INTO `users` (`user_id`, `username`, `password`, `company_id`) VALUES
(1, 'mmrkjhn0623', '123456789', 1),
(2, 'homesick2009', 'kkkkklllll', 2),
(3, 'johncampbell01', 'jajajajaja', 3),
(4, 'newfoundglory98', 'nfgnfgnfgnfg', 4);

--
-- Indexes for dumped tables
--

--
-- Indexes for table `company`
--
ALTER TABLE `company`
  ADD PRIMARY KEY (`company_id`);

--
-- Indexes for table `invoice`
--
ALTER TABLE `invoice`
  ADD PRIMARY KEY (`invoice_id`);

--
-- Indexes for table `items`
--
ALTER TABLE `items`
  ADD PRIMARY KEY (`item_id`);

--
-- Indexes for table `users`
--
ALTER TABLE `users`
  ADD PRIMARY KEY (`user_id`);

--
-- AUTO_INCREMENT for dumped tables
--

--
-- AUTO_INCREMENT for table `company`
--
ALTER TABLE `company`
  MODIFY `company_id` int(11) NOT NULL AUTO_INCREMENT, AUTO_INCREMENT=5;

--
-- AUTO_INCREMENT for table `invoice`
--
ALTER TABLE `invoice`
  MODIFY `invoice_id` int(10) NOT NULL AUTO_INCREMENT, AUTO_INCREMENT=351;

--
-- AUTO_INCREMENT for table `items`
--
ALTER TABLE `items`
  MODIFY `item_id` int(11) NOT NULL AUTO_INCREMENT, AUTO_INCREMENT=94;

--
-- AUTO_INCREMENT for table `users`
--
ALTER TABLE `users`
  MODIFY `user_id` int(11) NOT NULL AUTO_INCREMENT, AUTO_INCREMENT=5;
COMMIT;

/*!40101 SET CHARACTER_SET_CLIENT=@OLD_CHARACTER_SET_CLIENT */;
/*!40101 SET CHARACTER_SET_RESULTS=@OLD_CHARACTER_SET_RESULTS */;
/*!40101 SET COLLATION_CONNECTION=@OLD_COLLATION_CONNECTION */;
